symbol,status,sales_latest_cr,sales_cagr_5y,sales_cagr_10y,sales_growth_1y,profit_latest_cr,profit_cagr_5y,profit_cagr_10y,profit_growth_1y,eps_latest,eps_cagr_5y,eps_growth_1y,opm_latest_pct,opm_avg_5y,opm_trend_5y,dividend_payout_pct,debt_latest_cr,debt_growth_1y,networth_cr,ocf_latest_cr,fcf_latest_cr,ocf_positive_3y,fcf_positive_3y,fcf_cagr_5y,roce_latest_pct,roce_avg_5y,roce_trend_5y,promoter_pct,fii_pct,dii_pct,investment_score,investment_grade,debt_reducing,screener_de,error
ABB,ok,13203.0,15,,8.3,1668.0,30,,-10.9,78.73,30,-10.9,15.0,12.0,3.5,50.0,85.0,63.5,7836.0,1220.0,980.0,False,False,,30.0,22.0,5.0,75.0,7.64,9.15,80.0,A,True,0.01,
ABBOTINDIA,ok,5849,9.7,,9.3,1201,19.0,,26.5,565.3,19.0,26.5,23.7,21.5,3.0,,0,,,,,True,True,,44.6,38.0,5.0,74.99,0.19,9.0,85,A,True,0.0,
ABFRL,ok,7906.0,8.5,,7.5,-690.0,,,,-5.29,,,8.0,10.2,-3.0,0.0,5665.0,12.9,6252.0,1644.0,1051.0,True,False,33.5,-3.0,-0.8,-12.0,46.61,18.36,7.9,60.0,B,True,0.91,
ACC,ok,24689.0,12.4,7.7,13.5,2650.0,13.1,16.3,10.3,141.1,13.1,10.3,13.0,14.0,-4.0,6.0,485.0,12.8,19933.0,1711.0,-242.0,False,False,9.7,17.0,15.6,-2.0,56.69,5.99,21.37,79.0,A,False,0.02,
ADANIENT,ok,94995.0,19.2,10.8,-3.0,14132.0,68.3,30.3,76.5,103.69,69.1,88.5,15.0,10.8,9.0,2.0,109465.0,19.2,54056.0,4513.0,-24294.0,True,False,,9.0,8.6,0.0,73.97,11.64,6.71,87.0,A+,False,2.03,
ADANIGREEN,ok,12499.0,32.0,84.1,11.5,1856.0,59.1,,-7.2,9.13,46.8,0.1,82.0,74.6,10.0,0.0,88153.0,10.1,19524.0,8364.0,-16397.0,True,False,,9.0,9.0,1.0,62.44,11.42,4.31,90.0,A+,False,4.52,
ADANIPORTS,ok,36487.0,23.8,17.8,19.7,12497.0,19.9,15.9,13.0,56.93,18.3,10.9,59.0,57.0,-10.0,14.0,56851.0,10.1,67078.0,17226.0,9228.0,True,True,19.1,14.0,12.4,2.0,68.02,13.1,13.89,86.0,A+,False,0.85,
ADANIPOWER,ok,54255.0,15.7,7.9,-3.5,11299.0,54.8,,-11.4,5.95,55.2,-11.3,37.0,34.6,4.0,-0.0,48464.0,22.7,58451.0,21501.0,9957.0,True,True,24.1,23.0,19.8,16.0,74.96,11.64,3.41,100.0,A+,False,0.83,
ALKEM,ok,14253.0,10.0,11.3,9.9,2422.0,8.4,12.4,9.3,198.32,8.4,9.5,20.0,18.0,-2.0,25.0,2356.0,70.6,13346.0,1913.0,1278.0,True,True,40.1,20.0,18.8,2.0,51.2,9.97,21.54,84.0,A,False,0.18,
ALLCARGO,ok,5496.0,-12.1,-0.3,-65.7,-6.0,-26.9,-15.0,-65.0,-0.13,-30.8,-76.3,5.0,5.0,-1.0,580.0,674.0,-66.9,870.0,261.0,223.0,False,False,-3.2,4.0,11.2,-6.0,40.28,7.27,2.29,27.0,D,True,0.77,
AMBER,ok,11793.0,31.2,26.9,18.2,183.0,17.1,22.5,-27.1,47.89,14.6,-33.5,7.0,6.8,0.0,0.0,2793.0,35.6,3647.0,711.0,155.0,True,False,20.5,14.0,10.4,-3.0,38.19,26.98,23.86,77.0,A,False,0.77,
AMBUJACEM,ok,39721.0,10.1,15.5,13.3,4968.0,9.8,19.9,-3.7,15.23,5.0,-10.0,17.0,17.4,-3.0,12.0,1271.0,61.3,56246.0,2237.0,-6354.0,True,False,-6.3,10.0,13.2,-4.0,67.68,5.8,19.64,69.0,B,False,0.02,
ANGELONE,ok,4733.0,29.7,26.5,-9.7,769.0,21.0,37.4,-34.4,8.48,18.5,-34.7,33.0,38.8,-3.0,37.0,4454.0,30.5,5810.0,-1860.0,-2023.0,False,False,,26.0,34.2,12.0,28.87,12.45,18.11,85.0,A+,False,0.77,
APLAPOLLO,ok,21700.0,20.6,18.0,4.9,1142.0,22.9,27.4,50.9,41.14,23.3,50.8,8.0,6.8,0.0,21.0,715.0,12.8,4606.0,1213.0,562.0,True,False,33.6,22.0,26.4,2.0,28.27,33.12,19.91,92.0,A+,True,0.16,
APOLLOHOSP,ok,24215.0,18.1,14.7,11.1,1866.0,68.6,23.0,24.0,125.32,64.3,24.6,15.0,13.8,4.0,13.0,7987.0,1.6,9093.0,2136.0,439.0,True,True,-10.9,17.0,14.2,3.0,28.02,43.54,21.5,97.0,A+,False,0.88,
APOLLOTYRE,ok,27559.0,9.6,8.8,5.5,926.0,21.5,-1.9,-17.4,14.58,21.5,-17.4,14.0,14.4,-2.0,28.0,4518.0,2.4,15533.0,1823.0,1093.0,True,True,16.6,11.0,10.6,6.0,36.93,12.26,27.89,88.0,A+,True,0.29,
ASHOKA,ok,8260.0,10.6,11.3,-17.7,2881.0,60.2,,66.1,101.13,59.4,67.6,29.0,27.0,-2.0,0.0,1989.0,0.1,4210.0,1673.0,1573.0,True,True,10.2,40.0,28.0,20.0,54.47,7.46,14.45,100.0,A+,True,0.47,
ASHOKLEY,ok,53811.0,22.6,9.7,10.9,3586.0,10.3,,6.0,5.63,9.7,6.4,19.0,15.6,6.0,59.0,54513.0,9.1,12583.0,128.0,-1471.0,False,False,,14.0,10.2,5.0,51.51,24.41,13.73,80.0,A,False,4.33,
ASIANPAINT,ok,34696.0,9.8,9.3,2.3,3910.0,4.0,8.0,5.4,40.1,4.1,4.9,18.0,18.4,-4.0,65.0,3557.0,55.3,19579.0,4424.0,2604.0,True,True,-0.4,26.0,32.2,-7.0,52.63,12.78,21.08,86.0,A+,False,0.18,
AUBANK,ok,1429.0,28,,18.5,762.0,20,,208.5,13.4,10,-52.1,33.0,25.0,5.0,0.0,,,1987.0,884.0,713.0,False,False,,22.0,18.0,2.0,22.79,36.45,31.27,52.0,C,,,
AUROPHARMA,ok,33182.0,6.0,9.2,4.6,3485.0,-8.2,5.6,0.0,60.04,-8.0,0.0,21.0,19.2,0.0,0.0,7794.0,-5.7,35041.0,3925.0,1408.0,True,False,14.5,14.0,13.6,-5.0,51.82,13.95,27.66,58.0,C,False,0.22,
AXISBANK,ok,130820.0,15.2,12.2,2.7,26415.0,29.5,12.2,-6.3,84.66,29.2,-6.5,4.0,8.2,8.0,1.0,,,198260.0,44384.0,41951.0,False,False,2.9,16.0,12.8,14.0,8.15,42.58,42.65,76.0,A,,,
BAJAJ-AUTO,ok,57719.0,15.8,9.8,13.2,8884.0,12.8,8.1,21.3,318.04,13.6,21.3,20.0,18.6,2.0,80.0,19693.0,110.3,34170.0,-1406.0,-2273.0,False,False,19.7,28.0,27.4,-2.0,54.99,8.84,14.07,87.0,A+,False,0.58,
BAJAJFINSV,ok,149145.0,19.7,21.9,11.5,19200.0,21.1,21.3,9.4,60.59,16.6,9.0,37.0,35.6,5.0,2.0,392202.0,10.2,76491.0,-62113.0,-63829.0,False,False,,11.0,10.8,0.0,58.81,8.06,10.74,84.0,A,False,5.13,
BAJAJHLDNG,ok,1154.0,20.4,9.4,56.2,8963.0,19.7,14.7,35.3,789.55,19.2,34.8,86.0,80.6,9.0,16.0,15.0,-51.6,67834.0,-1957.0,-1865.0,False,False,25.3,10.0,10.4,-1.0,51.46,10.26,7.31,86.0,A+,True,0.0,
BAJFINANCE,ok,79374.0,24.4,27.0,13.9,18325.0,32.9,30.5,9.2,29.0,31.7,8.3,32.0,34.2,8.0,21.0,,,103214.0,-68154.0,-69200.0,False,False,,19.0,18.8,-1.0,54.7,21.49,14.86,92.0,A+,,,
BALKRISIND,ok,10643.0,13.0,12.6,1.9,1312.0,2.2,11.4,-20.7,67.87,2.2,-20.7,21.0,22.2,-10.0,19.0,3682.0,12.7,10440.0,1764.0,316.0,True,False,-1.4,17.0,19.0,0.0,58.3,11.0,24.42,70.0,B,False,0.35,
BANDHANBNK,ok,21689,13.3,,-1.2,1224,-11.0,,-55.4,7.6,-11.4,-55.4,,,,20,14303,28.4,25256,,,True,False,,5.0,9.5,-9.0,39.74,22.32,18.76,50.0,C,False,7.15,
BANKBARODA,ok,132604.0,12.3,11.2,3.6,19645.0,64.7,14.6,-5.8,37.65,66.0,-6.0,1.0,2.0,10.0,21.0,,,158896.0,34892.0,28979.0,False,False,-6.9,16.0,11.8,15.0,63.97,9.84,18.72,92.0,A+,,,
BEL,ok,26535.0,13.5,13.7,11.6,5963.0,23.2,16.1,12.0,8.16,23.2,12.1,30.0,25.8,7.0,33.0,59.0,-3.3,21567.0,587.0,-422.0,True,False,38.6,39.0,31.8,13.0,51.14,18.51,20.47,100.0,A+,True,0.0,
BEML,ok,4209.0,3.2,3.5,4.6,249.0,29.3,14.6,-15.0,29.9,29.3,-14.9,11.0,10.4,6.0,29.0,666.0,190.8,2801.0,183.0,-8.0,True,False,41.1,16.0,11.0,14.0,54.03,5.51,18.39,87.0,A+,False,0.24,
BERGEPAINT,ok,11716.0,11.4,10.7,1.5,1056.0,8.0,11.0,-10.7,9.05,8.0,-10.6,15.0,15.4,-2.0,38.0,697.0,4.0,6280.0,1269.0,845.0,True,True,21.4,25.0,26.0,-3.0,74.98,5.25,11.08,94.0,A+,True,0.11,
BHARTIARTL,ok,203466.0,15.1,7.7,17.6,37051.0,85.5,28.5,-1.1,53.3,135.2,-9.4,57.0,51.6,12.0,28.0,208010.0,-2.6,117796.0,98332.0,58990.0,True,True,66.5,13.0,11.2,8.0,48.87,28.75,19.54,100.0,A+,True,1.77,
BIKAJI,ok,2884.0,17.1,,10.0,238.0,21.5,,22.7,9.83,-23.3,22.7,14.0,12.8,3.0,12.0,310.0,34.2,1499.0,193.0,72.0,True,True,,18.0,19.4,,73.92,4.92,16.62,100.0,A+,False,0.21,
BLUEDART,ok,6025.0,12.9,8.9,5.3,254.0,20.0,7.0,0.8,106.92,20.0,0.5,16.0,17.6,-5.0,24.0,1081.0,7.3,1632.0,735.0,488.0,True,True,23.9,16.0,21.8,3.0,75.0,4.14,13.62,95.0,A+,False,0.66,
BLUESTARCO,ok,12349.0,23.7,12.5,3.2,494.0,37.4,16.6,-16.4,24.04,35.8,-16.4,7.0,6.6,1.0,31.0,1030.0,170.3,3111.0,688.0,322.0,True,False,44.0,26.0,22.0,7.0,36.48,14.66,26.76,93.0,A+,False,0.33,
BOSCHLTD,ok,19380.0,14.8,7.2,7.1,2757.0,41.7,6.0,36.8,934.68,41.7,36.8,13.0,12.6,1.0,75.0,109.0,-7.6,14018.0,2373.0,2061.0,True,True,175.4,21.0,17.6,3.0,70.54,7.34,14.9,100.0,A+,False,0.01,
BPCL,ok,447757.0,14.2,9.1,1.7,24611.0,7.3,11.8,84.5,56.72,8.8,84.5,9.0,6.6,0.0,32.0,52967.0,-13.3,93936.0,23678.0,8574.0,True,True,20.4,16.0,17.8,7.0,52.98,18.46,19.56,95.0,A+,True,0.56,
BRIGADE,ok,5700.0,23.9,10.8,12.3,783.0,22.7,24.2,15.1,30.51,36.7,8.7,26.0,26.0,2.0,9.0,5375.0,-1.6,6481.0,995.0,358.0,True,True,65.3,13.0,8.8,5.0,41.12,18.14,23.55,98.0,A+,True,0.83,
BRITANNIA,ok,18865.0,7.5,8.4,5.1,2416.0,5.5,11.3,10.9,100.27,5.3,10.9,18.0,17.6,-1.0,83.0,2196.0,76.1,3733.0,2481.0,2110.0,True,True,11.2,53.0,47.4,16.0,50.55,14.88,19.55,89.0,A+,False,0.59,
BSE,ok,4117.0,45.6,20.6,28.2,2185.0,72.8,28.6,65.3,53.96,72.0,65.3,61.0,48.0,29.0,23.0,0.0,200.0,5210.0,414.0,262.0,False,False,19.6,47.0,21.0,42.0,0.0,17.45,23.74,92.0,A+,False,0.0,
CANBK,ok,126028.0,12.4,11.1,3.6,18415.0,44.2,,4.1,20.25,42.0,4.7,-4.0,-9.6,22.0,21.0,,,115202.0,60669.0,61830.0,False,False,95.0,18.0,13.2,23.0,62.93,14.61,10.47,85.0,A+,,,
CARTRADE,ok,746.0,24.4,,16.4,219.0,47.8,,51.0,42.06,-7.9,48.2,31.0,7.4,15.0,0.0,128.0,-2.3,2330.0,171.0,166.0,True,True,69.1,8.0,2.4,6.0,0.0,64.58,9.97,90.0,A+,False,0.05,
CDSL,ok,1107.0,26.3,24.6,2.3,476.0,18.8,18.0,-9.5,22.79,18.9,-9.6,52.0,58.6,-10.0,50.0,2.0,-33.3,1743.0,543.0,387.0,True,True,39.6,42.0,36.6,24.0,15.0,12.4,15.12,80.0,A,False,0.0,
CERA,ok,1948.0,9.7,7.8,1.1,248.0,19.9,11.6,-0.4,190.72,19.7,-0.2,15.0,16.0,2.0,34.0,67.0,52.3,1353.0,122.0,94.0,True,True,2.3,22.0,21.8,5.0,54.41,14.61,14.01,91.0,A+,False,0.05,
CESC,ok,18351.0,9.5,4.2,7.9,1541.0,2.5,7.8,7.9,11.11,2.0,7.6,19.0,18.2,-9.0,44.0,18811.0,4.6,12711.0,2582.0,729.0,True,True,-21.8,11.0,12.0,-3.0,52.11,11.88,25.61,69.0,B,False,1.48,
CHALET,ok,2734.0,57.1,16.7,59.1,606.0,36.7,,326.8,27.72,27.0,324.5,43.0,37.2,41.0,0.0,2489.0,-4.4,3415.0,950.0,-14.0,True,False,-4.5,11.0,5.4,3.0,67.33,5.08,23.99,100.0,A+,True,0.73,
CHAMBLFERT,ok,20457.0,10.0,8.5,22.9,1914.0,1.8,29.3,16.1,47.78,3.7,16.1,13.0,12.0,-6.0,24.0,100.0,1.0,9839.0,1394.0,824.0,True,True,15.6,27.0,21.2,13.0,60.85,15.66,4.66,89.0,A+,True,0.01,
CHOLAFIN,ok,29702.0,25.4,21.6,14.7,4847.0,26.1,23.8,13.7,57.57,25.4,13.6,22.0,24.8,0.0,4.0,,,25942.0,-32413.0,-32600.0,False,False,,20.0,19.4,5.0,49.72,26.56,17.54,85.0,A+,,,
CIPLA,ok,28351.0,8.2,7.5,2.9,4533.0,13.7,12.6,-14.0,56.29,13.5,-13.8,23.0,23.2,1.0,25.0,467.0,6.6,32919.0,5005.0,3490.0,True,True,10.9,23.0,19.6,11.0,29.22,23.93,30.45,93.0,A+,True,0.01,
CLEAN,ok,971.0,13.7,,0.4,245.0,4.4,,-7.2,23.1,4.3,-7.2,38.0,41.4,-13.0,24.0,2.0,0.0,1500.0,214.0,72.0,True,True,9.4,27.0,41.6,-32.0,50.96,10.01,19.76,83.0,A,False,0.0,
COALINDIA,ok,138778.0,9.0,5.9,-3.2,29755.0,18.6,7.6,-15.7,48.45,18.6,-15.5,29.0,30.0,8.0,46.0,13786.0,50.7,105363.0,29200.0,15960.0,True,True,4.9,48.0,58.0,-24.0,63.13,8.22,22.53,100.0,A+,False,0.13,
COCHINSHIP,ok,5295.0,13.4,,9.9,727.0,3.6,,-12.1,27.65,3.6,-12.1,14.0,17.4,-12.0,31.0,1156.0,106.4,5698.0,-297.0,-792.0,False,False,,20.0,17.2,-5.0,67.91,2.74,6.47,68.0,B,False,0.2,
COFORGE,ok,15272.0,26.8,19.0,26.7,1386.0,24.4,17.1,48.1,36.18,19.2,49.0,17.0,16.0,0.0,63.0,972.0,-9.2,6895.0,1237.0,680.0,True,True,24.5,20.0,27.4,-7.0,0.0,34.53,53.67,93.0,A+,False,0.14,
COLPAL,ok,1960.0,5,,15.4,436.0,9,,51.4,15.96,9,51.9,22.0,17.4,1.0,63.0,5.0,0.0,331.0,404.0,373.0,True,True,,179.0,150.0,5.0,51.0,15.18,13.5,83.0,A,False,0.02,
CONCOR,ok,9104.0,7.2,3.8,2.4,1281.0,20.7,2.9,-0.9,16.77,20.4,-0.9,22.0,22.6,6.0,54.0,905.0,5.1,12788.0,1712.0,868.0,True,True,-23.4,14.0,12.4,1.0,54.8,9.05,28.68,100.0,A+,True,0.07,
COROMANDEL,ok,30464.0,16.5,10.3,26.5,2362.0,12.2,20.8,14.9,81.26,12.4,15.9,10.0,10.6,-4.0,21.0,1471.0,88.6,12178.0,2464.0,2030.0,True,True,4.8,23.0,30.8,-3.0,56.86,13.79,16.69,92.0,A+,False,0.12,
CRAFTSMAN,ok,7592.0,37.2,,33.4,334.0,28.1,,66.2,140.16,24.9,71.8,15.0,19.0,-13.0,6.0,3311.0,40.4,3030.0,283.0,-706.0,True,False,,12.0,17.0,0.0,48.7,16.02,25.25,78.0,A,False,1.09,
CREDITACC,ok,5868.0,19.0,,2.0,485.0,29.9,,-8.7,30.35,28.7,-8.8,12.0,22.2,3.0,0.0,,,7164.0,1125.0,1092.0,False,False,,8.0,12.8,-5.0,66.28,11.68,13.23,78.0,A,,,
CUMMINSIND,ok,11602.0,21.6,9.4,11.7,2242.0,28.7,12.0,12.1,80.87,28.7,12.1,21.0,18.2,7.0,71.0,24.0,-20.0,7895.0,1685.0,1455.0,True,True,31.9,36.0,27.2,18.0,51.0,19.42,20.6,100.0,A+,True,0.0,
CYIENT,ok,7250.0,11.9,8.9,-1.5,584.0,9.9,6.2,-9.9,48.94,8.2,-11.7,13.0,16.2,-1.0,47.0,436.0,-15.0,5565.0,790.0,688.0,True,True,13.3,17.0,18.8,0.0,23.28,15.28,39.51,78.0,A,True,0.08,
DABUR,ok,12985.0,6.3,5.3,3.4,1819.0,1.4,3.8,4.5,10.42,1.7,4.5,19.0,19.2,-2.0,80.0,1301.0,36.9,10958.0,1987.0,1448.0,True,True,3.6,20.0,23.8,-8.0,66.23,10.05,18.29,91.0,A+,True,0.12,
DALMIACEM,ok,14650.0,7.7,,4.8,1201.0,0.3,,71.8,63.22,0.2,73.6,20.0,18.8,-7.0,25.0,7082.0,24.2,17679.0,2117.0,-509.0,True,False,-34.7,6.0,7.6,2.0,55.84,7.92,18.99,56.0,C,False,0.4,
DATAPATTNS,ok,520,30,,14.6,182,40,,46.5,32.45,40,46.5,39.5,40.0,-2.0,,15,,,,,True,True,,20.8,17.0,2.0,42.41,11.54,10.27,72,B,True,0.05,
DEEPAKNTR,ok,7946.0,12.8,19.2,-4.1,533.0,-7.2,23.8,-23.5,39.09,-7.2,-23.5,12.0,16.0,-17.0,15.0,1244.0,-1.8,5515.0,625.0,-494.0,True,False,6.3,16.0,30.4,-22.0,49.33,6.06,23.2,60.0,B,False,0.23,
DELHIVERY,ok,9850.0,22.0,,10.3,153.0,,,-5.6,2.05,,-5.5,5.0,-0.4,8.0,0.0,1642.0,15.5,9529.0,567.0,92.0,False,False,,2.0,-7.2,9.0,0.0,48.57,34.98,57.0,C,False,0.17,
DHANUKA,ok,2035.0,12.7,10.0,15.7,297.0,16.1,10.9,24.3,65.88,17.3,25.6,20.0,18.4,5.0,3.0,74.0,174.1,1403.0,263.0,74.0,True,True,-13.4,28.0,29.6,2.0,69.72,2.14,18.78,100.0,A+,False,0.05,
DIVISLAB,ok,10314.0,8.2,10.6,10.2,2479.0,4.6,8.2,13.1,93.38,4.6,13.1,33.0,33.4,-8.0,36.0,90.0,2150.0,15413.0,1653.0,215.0,True,True,45.5,20.0,24.4,-5.0,51.88,20.08,19.18,74.0,B,False,0.01,
DIXON,ok,48655.0,49.8,42.7,25.2,1811.0,62.5,45.4,46.9,261.8,57.2,43.9,4.0,4.0,-1.0,4.0,1389.0,107.0,4064.0,1150.0,254.0,True,True,76.1,40.0,29.2,6.0,28.83,18.68,29.06,98.0,A+,False,0.34,
DLF,ok,9508.0,11.9,-0.4,18.9,4428.0,32.5,24.2,1.4,17.89,32.3,1.4,21.0,28.0,-6.0,34.0,1777.0,-56.7,43002.0,5235.0,5140.0,True,True,88.3,7.0,5.4,3.0,74.08,14.82,5.78,84.0,A,True,0.04,
DMART,ok,66009.0,22.3,22.6,11.2,2864.0,21.1,24.5,5.8,44.03,21.0,5.8,7.0,7.8,0.0,0.0,1609.0,96.2,22890.0,2463.0,-954.0,True,False,,18.0,17.2,-2.0,74.65,8.71,8.83,93.0,A+,False,0.07,
DRREDDY,ok,34682.0,12.7,8.3,6.2,5523.0,23.1,10.0,-3.5,66.72,23.2,-1.5,23.0,24.0,3.0,12.0,5854.0,25.2,36014.0,4643.0,1327.0,True,True,-11.3,23.0,21.4,12.0,26.64,22.34,30.44,93.0,A+,False,0.16,
DYCL,ok,347.0,,,26.2,28.0,,,33.3,16.64,,35.7,14.0,11.4,,0.0,149.0,25.2,197.0,21.0,-31.0,False,False,,16.0,,,61.38,0.0,0.0,68.0,B,False,0.76,
EASEMYTRIP,ok,523.0,30.5,,-10.9,-18.0,27.0,,5.8,-0.03,27.2,3.4,4.0,32.2,-52.0,0.0,36.0,-5.3,866.0,112.0,46.0,False,False,,21.0,47.4,,47.72,0.45,2.48,78.0,A,False,0.04,
EICHERMOT,ok,22569.0,20.9,13.8,19.6,5357.0,31.8,14.9,13.2,195.35,31.7,13.1,24.0,24.0,4.0,41.0,446.0,-2.6,22086.0,3980.0,2951.0,True,True,20.7,30.0,24.6,5.0,49.06,27.01,14.64,100.0,A+,False,0.02,
EIHOTEL,ok,2872.0,42.2,5.6,4.7,670.0,35.1,18.8,-13.0,10.29,37.4,-12.9,36.0,27.4,108.0,13.0,250.0,-5.7,4706.0,825.0,346.0,True,True,22.6,23.0,9.8,17.0,32.85,6.16,14.13,100.0,A+,False,0.05,
EMAMILTD,ok,3817.0,5.8,4.9,0.2,794.0,11.8,8.1,-1.1,18.2,12.2,-1.5,26.0,26.6,-5.0,54.0,72.0,-20.0,2931.0,896.0,852.0,True,True,17.3,32.0,30.4,14.0,54.84,9.03,26.72,96.0,A+,True,0.02,
ENDURANCE,ok,13473.0,15.5,9.9,16.5,920.0,12.1,11.9,10.0,65.44,12.1,10.1,14.0,13.0,-2.0,17.0,1229.0,30.2,6258.0,1532.0,525.0,True,True,2.5,17.0,15.8,-4.0,75.0,13.72,9.2,95.0,A+,False,0.2,
EQUITASBNK,ok,,,,,,,,,,,,,,,,,,,,,,,,,,,0.0,14.62,49.96,50.0,C,,,
ESAFSFB,ok,3537,16.6,,-8.4,-166,-10,,68.1,-3.23,,68,,,,0,28603,15.9,1780,,,False,False,,-9.4,6.0,-25.0,63.29,0.01,4.97,58.0,C,False,16.1,
FEDERALBNK,ok,28835.0,15.0,13.9,2.6,4219.0,20.2,24.1,-0.4,16.65,14.8,-1.7,4.0,7.4,2.0,7.0,,,36266.0,8801.0,8050.0,True,True,0.8,13.0,13.0,2.0,0.0,24.94,51.1,88.0,A+,,,
FINEORG,ok,2347.0,15.7,13.5,3.4,397.0,27.0,18.0,-3.2,129.38,26.9,-3.4,20.0,22.8,3.0,8.0,16.0,433.3,2477.0,204.0,77.0,True,True,-12.0,26.0,36.6,-6.0,75.0,4.43,11.8,100.0,A+,False,0.01,
FLUOROCHEM,ok,4852.0,12.9,,2.4,656.0,28.3,,20.1,59.72,27.3,20.1,27.0,27.2,4.0,6.0,1722.0,-17.2,7617.0,545.0,-335.0,True,False,,10.0,16.2,1.0,61.39,4.28,13.48,94.0,A+,True,0.23,
FORTIS,ok,8770.0,16.8,7.6,12.7,981.0,60.9,,21.3,12.72,75.2,24.0,23.0,19.4,13.0,10.0,3195.0,29.1,9429.0,1424.0,591.0,True,True,76.0,12.0,8.8,8.0,31.17,27.84,29.33,92.0,A+,False,0.34,
FUSION,ok,2320,22.1,,0.1,-1225,-30,,-342,-121,-30,-342,,,,0,6402,-25.7,1643,,,False,False,,-74,0,-75,54.92,4.89,11.94,55.0,C,True,3.9,
GAIL,ok,142463.0,20.0,10.6,0.4,8606.0,7.0,16.5,-30.9,13.06,7.2,-31.0,10.0,10.6,-3.0,40.0,22433.0,3.9,88141.0,15735.0,7818.0,True,False,7.8,14.0,15.0,-6.0,51.88,14.07,19.76,75.0,A,False,0.25,
GALAXYSURF,ok,5079.0,12.8,10.9,20.3,281.0,-1.4,10.6,-7.9,79.2,-1.5,-7.9,9.0,11.2,-7.0,5.0,268.0,27.6,2534.0,421.0,205.0,True,True,12.3,16.0,20.2,-8.0,70.91,3.99,13.11,71.0,B,False,0.11,
GICRE,ok,53176.0,1.8,13.2,7.2,9629.0,37.0,12.8,29.6,54.88,37.1,29.6,20.0,15.0,14.0,24.0,0.0,,67607.0,1976.0,1952.0,False,False,-23.7,13.0,13.6,14.0,82.4,2.12,13.32,80.0,A,False,0.0,
GLAND,ok,6113.0,12.0,,8.8,847.0,-3.2,,21.2,51.42,-3.3,21.3,24.0,26.6,-14.0,42.0,302.0,-3.8,9562.0,915.0,521.0,True,True,-0.3,12.0,18.8,,51.83,7.58,32.99,66.0,B,True,0.03,
GLENMARK,ok,16468.0,8.5,8.1,23.6,1065.0,6.5,17.7,1.7,37.74,6.5,1.7,27.0,18.4,8.0,7.0,1224.0,-50.5,9582.0,-828.0,-1575.0,False,False,-34.6,19.0,15.2,5.0,46.65,19.2,20.09,85.0,A+,True,0.13,
GNFC,ok,7620.0,8.2,5.3,-3.4,623.0,-2.2,13.2,4.2,42.4,-1.1,4.2,8.0,13.6,-12.0,44.0,13.0,-87.7,8648.0,605.0,154.0,True,False,-23.9,10.0,18.0,2.0,41.3,12.05,11.07,41.0,D,False,0.0,
GODFRYPHLP,ok,6177.0,19.6,10.2,10.1,1284.0,27.8,22.4,19.8,82.31,27.8,19.8,21.0,22.2,0.0,46.0,175.0,-2.2,5826.0,107.0,-53.0,True,False,-3.8,26.0,20.6,6.0,72.58,7.91,3.28,100.0,A+,True,0.03,
GODREJCP,ok,15184.0,6.6,6.1,5.7,1822.0,4.0,6.4,-1.6,17.81,4.0,-1.7,20.0,20.0,-2.0,138.0,4113.0,2.6,12163.0,2577.0,2018.0,True,True,7.0,19.0,18.8,0.0,53.06,15.41,16.49,81.0,A,False,0.34,
GODREJPROP,ok,3795.0,37.8,6.0,-22.9,1574.0,41.9,20.9,13.3,52.53,37.4,13.0,-26.0,-5.2,33.0,0.0,16324.0,29.1,18311.0,-2242.0,-2450.0,False,False,,7.0,5.0,-2.0,47.17,28.15,10.78,75.0,A,False,0.89,
GPPL,ok,1094.0,8.3,5.2,10.7,485.0,16.9,7.9,22.2,10.03,16.9,22.2,59.0,57.0,1.0,100.0,51.0,-19.0,2398.0,446.0,351.0,True,True,1.3,23.0,19.0,6.0,44.01,21.04,14.93,93.0,A+,True,0.02,
GRANULES,ok,5092.0,9.5,14.1,13.6,545.0,-0.1,16.1,8.6,22.48,0.3,8.7,21.0,20.0,-5.0,7.0,1807.0,24.2,3983.0,867.0,297.0,True,True,150.7,15.0,18.2,-2.0,38.02,13.79,18.51,61.0,B,False,0.45,
GRASIM,ok,168597.0,17.2,17.2,13.6,9471.0,6.3,10.6,22.1,66.19,0.9,21.5,20.0,19.8,-4.0,18.0,205403.0,10.2,99618.0,-17170.0,-33688.0,False,False,125.0,8.0,9.0,0.0,43.21,14.49,16.99,60.0,B,False,2.06,
GRAVITA,ok,4130.0,24.0,25.4,6.7,381.0,46.2,54.2,21.7,51.77,46.8,22.3,10.0,8.8,1.0,15.0,445.0,55.6,2260.0,282.0,175.0,True,False,63.5,22.0,26.8,3.0,55.88,15.75,4.71,100.0,A+,True,0.2,
HAL,ok,32846.0,7.5,7.0,6.0,8896.0,22.3,16.1,6.4,133.02,22.3,6.4,30.0,28.0,7.0,32.0,11.0,-78.4,37114.0,13643.0,11890.0,True,True,140.4,34.0,32.0,10.0,71.64,10.86,9.68,100.0,A+,True,0.0,
HAPPSTMNDS,ok,2256.0,23.9,,9.5,185.0,2.7,,0.0,12.18,1.9,0.4,17.0,20.8,-8.0,49.0,1274.0,2.4,1628.0,236.0,225.0,True,True,15.0,15.0,26.8,-28.0,44.21,5.89,9.62,71.0,B,False,0.78,
HAPPYFORGE,ok,1474.0,20.3,,4.6,286.0,27.2,,7.1,30.31,-50.0,6.8,30.0,28.6,3.0,11.0,193.0,-15.4,1959.0,292.0,12.0,True,False,,19.0,,,78.5,1.84,16.73,96.0,A+,False,0.1,
HAVELLS,ok,22366.0,16.4,11.4,2.7,1483.0,7.3,1.3,0.9,23.7,7.3,0.9,10.0,10.6,-5.0,43.0,286.0,-10.3,8671.0,1515.0,762.0,True,False,228.2,25.0,25.6,3.0,59.38,17.96,16.53,87.0,A+,True,0.03,
HCLTECH,ok,126409.0,10.9,15.0,8.0,16471.0,8.1,11.4,-5.3,60.66,8.1,-5.3,21.0,22.2,-6.0,94.0,6780.0,8.0,71249.0,22261.0,21178.0,True,True,12.9,32.0,28.2,5.0,60.82,16.21,18.37,85.0,A+,False,0.1,
HDFCAMC,ok,3972.0,,,-2.0,2874.0,,,16.8,67.15,,16.7,80.0,,,78.0,0.0,,7741.0,2075.0,2030.0,True,True,,43.0,,,52.38,23.99,14.9,83.0,A,False,0.0,
HDFCBANK,ok,348212.0,22.1,18.6,3.5,77430.0,19.4,19.7,5.4,48.54,11.0,4.9,-15.0,-1.6,-28.0,24.0,,,539144.0,127242.0,123267.0,True,True,50.2,14.0,16.2,-2.0,0.0,47.67,37.0,85.0,A+,,,
HDFCLIFE,ok,103732.0,7.7,19.0,11.6,1890.0,6.8,8.7,4.4,8.77,5.4,4.3,1.0,0.8,-1.0,25.0,2350.0,-20.3,16970.0,15597.0,15300.0,True,True,15.8,7.0,10.8,-17.0,50.21,24.27,15.23,74.0,B,False,0.14,
HEROMOTOCO,ok,44403.0,7.5,4.5,8.5,5471.0,13.3,5.8,25.0,272.09,13.3,24.3,14.0,13.0,1.0,75.0,718.0,2.6,21005.0,4297.0,3463.0,True,True,-3.9,30.0,24.8,3.0,34.73,29.43,26.28,91.0,A+,False,0.03,
HGINFRA,ok,5169.0,14.6,21.4,2.2,392.0,10.6,29.3,-22.4,60.19,10.6,-22.4,20.0,19.8,1.0,3.0,5669.0,35.9,3087.0,-878.0,-2415.0,False,False,,17.0,24.0,-7.0,71.78,1.92,11.14,81.0,A,False,1.84,
HINDALCO,ok,261701.0,14.7,10.2,9.7,16078.0,35.8,51.1,0.5,71.55,35.8,0.5,13.0,12.4,0.0,7.0,74878.0,17.1,134866.0,24410.0,4006.0,True,True,-7.4,15.0,12.6,6.0,34.65,28.16,23.17,85.0,A+,False,0.56,
HINDPETRO,ok,436467.0,13.4,9.4,0.5,15397.0,42.3,26.3,128.6,72.36,44.4,128.6,6.0,3.4,-1.0,33.0,63095.0,-10.6,56889.0,14228.0,4809.0,False,False,1.8,11.0,11.0,6.0,54.9,16.35,20.64,84.0,A,True,1.11,
HINDUNILVR,ok,64544.0,6.5,7.2,2.3,14540.0,12.7,13.4,36.3,61.77,12.7,36.3,23.0,23.8,-2.0,117.0,1775.0,7.7,48716.0,11886.0,10624.0,True,True,9.3,28.0,29.2,-89.0,61.9,10.71,15.68,96.0,A+,False,0.04,
HONAUT,ok,4058,5,,17.7,501,8,,14.4,567.1,8,14.4,13.2,14.0,-3.0,,5,,,,,True,True,,30.0,28.0,-2.0,75.0,3.46,11.53,72,B,True,0.01,
ICICIBANK,ok,194012.0,16.8,12.6,4.1,56609.0,22.7,17.9,3.7,74.19,22.8,3.5,-19.0,-17.6,31.0,15.0,,,333236.0,122805.0,118100.0,False,False,19.9,18.0,16.4,10.0,0.0,43.87,46.74,77.0,A,,,
ICICIGI,ok,,,,,,,,,,,,,,,,,,,,,,,,,,,51.31,23.35,18.25,55.0,C,,,
IDEAFORGE,ok,105.0,24.6,,-34.8,-103.0,,,40.6,-23.79,,-29.6,-75.0,-3.2,-44.0,0.0,43.0,168.8,569.0,-77.0,-164.0,False,False,,-10.0,10.0,,33.35,0.2,1.49,50.0,C,False,0.08,
IDFCFIRSTB,ok,39409.0,19.8,,8.0,1576.0,26.7,,5.8,2.05,19.3,0.5,-16.0,-10.2,-8.0,12.0,,,46342.0,14465.0,13579.0,True,True,5.2,4.0,5.8,21.0,0.0,36.76,22.38,70.0,B,,,
IIFL,ok,12277.0,15.5,12.0,20.0,1445.0,13.7,10.0,150.0,30.16,10.8,238.1,17.0,21.4,-1.0,0.0,,,12970.0,-4781.0,-4839.0,False,False,,5.0,15.4,-6.0,24.85,27.77,9.16,56.0,C,,,
INDHOTEL,ok,9349.0,42.8,8.8,12.2,2164.0,48.9,,6.2,14.1,45.4,5.2,33.0,28.4,56.0,17.0,3226.0,4.6,11569.0,2194.0,1133.0,True,True,35.2,17.0,8.0,10.0,38.12,25.09,20.66,100.0,A+,False,0.28,
INDIANB,ok,65875.0,11.0,15.0,6.2,11515.0,29.6,31.4,2.2,85.47,25.1,2.2,9.0,2.2,15.0,19.0,,,76887.0,17396.0,17048.0,False,False,,17.0,12.8,13.0,73.84,5.64,17.82,88.0,A+,,,
INDIGO,ok,84675.0,42.0,,4.8,3211.0,14.1,,-55.8,83.12,12.6,-55.7,20.0,16.0,20.0,5.0,74814.0,12.0,8634.0,24151.0,22558.0,True,True,72.7,17.0,4.2,12.0,41.57,24.99,28.08,97.0,A+,False,8.67,
INDUSINDBK,ok,45879.0,9.6,14.5,-5.7,-2034.0,-10.4,,-71.3,-26.11,-12.5,-71.3,-19.0,-3.0,-11.0,-0.0,,,64905.0,18278.0,17569.0,False,False,,4.0,10.0,-11.0,15.82,31.6,35.0,25.0,D,,,
INFY,ok,173173.0,11.5,10.7,6.2,28003.0,7.6,7.6,4.7,67.73,8.3,5.3,24.0,24.4,-4.0,67.0,8755.0,6.4,103330.0,35694.0,33457.0,True,True,19.6,38.0,38.0,6.0,14.52,30.27,41.08,76.0,A,False,0.08,
IOC,ok,771396.0,16.2,8.3,1.8,36869.0,11.1,22.4,167.4,25.33,10.6,163.0,9.0,7.2,-2.0,30.0,146681.0,-3.7,197089.0,34699.0,421.0,True,False,-50.7,7.0,13.4,2.0,51.5,8.57,10.0,70.0,B,False,0.74,
IPCALAB,ok,9505.0,12.0,12.7,6.8,941.0,-3.8,26.0,19.9,35.86,-4.4,23.3,20.0,18.8,-9.0,14.0,1279.0,-6.2,7427.0,1321.0,551.0,True,True,14.7,15.0,18.0,-4.0,44.72,10.62,36.99,61.0,B,True,0.17,
IRB,ok,7870.0,8.2,4.4,3.4,769.0,45.7,1.9,-88.1,0.64,30.4,-88.1,50.0,46.0,6.0,3.0,20852.0,1.2,20381.0,1971.0,1776.0,True,True,,8.0,8.8,-6.0,30.42,43.32,9.97,83.0,A,False,1.02,
IRFC,ok,26656,19,,12.2,6412,13,,4.0,4.91,13,4.0,,,,,,,,,,True,True,,14.0,13.0,1.0,86.36,0.98,1.54,65,B,,10.0,
ITC,ok,79809.0,10.1,7.4,6.0,35356.0,21.4,14.0,0.9,27.98,21.2,0.8,34.0,35.0,-1.0,52.0,363.0,27.4,71072.0,17627.0,15524.0,True,True,4.8,37.0,34.6,5.0,0.0,36.11,48.9,91.0,A+,False,0.01,
IXIGO,ok,1199.0,54.5,,31.2,56.0,,,-6.7,1.39,,-9.7,5.0,4.4,3.0,0.0,25.0,-37.5,685.0,122.0,118.0,True,True,,13.0,6.6,139.0,0.0,64.19,10.1,88.0,A+,True,0.04,
JKCEMENT,ok,13416.0,15.2,11.9,12.9,1018.0,7.7,33.9,16.7,132.01,7.5,18.4,18.0,17.2,-6.0,13.0,6510.0,8.0,6481.0,1939.0,241.0,True,False,-20.1,14.0,15.4,-3.0,45.66,17.89,22.49,68.0,B,False,1.0,
JSWSTEEL,ok,179109.0,17.5,15.7,6.1,7766.0,-0.3,16.3,122.5,30.47,-1.4,112.6,15.0,16.4,-10.0,24.0,101107.0,2.4,82933.0,20899.0,8264.0,True,False,13.1,8.0,14.4,-1.0,45.31,25.38,11.06,50.0,C,False,1.22,
KAJARIACER,ok,4679.0,11.0,6.8,0.9,374.0,3.9,4.7,24.7,23.37,3.8,26.5,16.0,15.4,-3.0,49.0,290.0,5.8,2930.0,501.0,305.0,True,True,24.2,17.0,20.6,-1.0,47.69,11.66,26.3,81.0,A,False,0.1,
KANSAINER,ok,7915.0,9.3,7.7,1.2,568.0,1.5,-4.5,-48.8,7.24,2.0,-48.8,12.0,11.6,-5.0,27.0,276.0,-6.8,6473.0,672.0,347.0,True,True,82.8,13.0,14.4,-5.0,74.98,5.17,10.41,79.0,A,False,0.04,
KAYNES,ok,3368.0,51.6,,23.7,389.0,108.0,,32.8,58.83,33.7,28.3,16.0,14.6,6.0,0.0,885.0,-2.0,4680.0,-82.0,-1031.0,False,False,,14.0,17.8,0.0,53.46,8.87,16.73,87.0,A+,False,0.19,
KITEX,ok,801.0,12.0,3.9,-18.5,28.0,-12.3,-12.8,-79.4,2.15,-4.6,-69.1,10.0,15.8,-12.0,7.0,1184.0,9.4,1042.0,54.0,-451.0,False,False,,10.0,11.8,-11.0,56.66,0.9,0.16,41.0,D,False,1.14,
KNRCON,ok,2978.0,0.5,9.6,-37.3,338.0,-2.5,11.7,-66.3,16.72,2.9,-53.1,26.0,25.8,2.0,1.0,2321.0,25.5,4762.0,-567.0,-592.0,False,False,,29.0,23.6,10.0,48.81,7.38,20.02,63.0,B,False,0.49,
KOTAKBANK,ok,68726.0,15.9,12.9,4.7,18798.0,13.5,18.2,-15.0,18.9,13.4,-15.1,-19.0,-20.0,11.0,2.0,,,167935.0,16916.0,15768.0,False,False,64.0,15.0,14.0,1.0,25.87,29.36,32.88,69.0,B,,,
KPITTECH,ok,6272.0,25.2,,7.4,719.0,37.4,,-14.4,26.23,37.5,-14.4,20.0,19.8,5.0,28.0,529.0,53.3,3263.0,1390.0,1262.0,True,True,31.5,40.0,29.4,22.0,39.41,13.57,25.35,100.0,A+,False,0.16,
KRSNAA,ok,766.0,65.9,,6.8,80.0,,,2.6,24.81,,3.2,27.0,26.2,-4.0,11.0,286.0,40.2,923.0,87.0,-24.0,True,False,,12.0,,,27.11,3.91,13.89,70.0,B,False,0.31,
LAURUSLABS,ok,6722.0,6.9,14.2,21.0,841.0,-3.1,20.2,134.9,15.62,-3.1,135.2,25.0,22.8,-7.0,18.0,2212.0,-20.0,4805.0,602.0,61.0,True,False,6.8,9.0,21.0,-5.0,27.49,26.52,12.42,48.0,C,True,0.46,
LEMONTREE,ok,1407.0,41.1,14.4,9.4,280.0,79.6,,15.2,2.78,72.9,12.1,48.0,45.4,25.0,0.0,2059.0,-4.1,1237.0,542.0,448.0,True,True,,13.0,6.8,8.0,22.28,21.5,19.45,94.0,A+,True,1.66,
LICHOUSFIN,ok,28944.0,7.8,8.8,3.0,5485.0,14.9,12.6,0.8,99.72,12.9,0.8,24.0,20.2,7.0,10.0,,,38516.0,-16609.0,-16682.0,False,False,,16.0,13.4,2.0,45.24,20.36,21.81,82.0,A,,,
LICI,ok,945284.0,6.5,,6.2,52998.0,77.9,,9.7,83.83,,9.7,6.0,4.0,6.0,16.0,1.0,0.0,141933.0,-9145.0,-9860.0,False,False,,53.0,81.8,48.0,96.5,0.2,1.33,93.0,A+,False,0.0,
LT,ok,277504.0,15.3,10.6,8.5,18977.0,8.0,15.2,7.4,118.18,7.5,8.1,13.0,14.0,-4.0,31.0,134001.0,1.2,101383.0,9161.0,5620.0,True,True,10.6,14.0,11.8,2.0,0.0,20.06,42.99,78.0,A,False,1.32,
LTIM,ok,12169.0,17.4,17.8,15.6,1891.0,27.1,18.8,14.4,114.73,27.0,14.4,21.0,18.4,7.0,27.0,613.0,10.3,5669.0,1537.0,1340.0,True,True,18.7,42.0,32.2,20.0,60.95,12.06,11.82,100.0,A+,False,0.11,
LTTS,ok,11751.0,16.6,14.4,10.1,1259.0,13.6,11.6,-0.4,118.73,13.5,-0.8,17.0,19.4,-1.0,46.0,630.0,9.0,6189.0,1481.0,1379.0,True,True,23.1,28.0,31.2,-15.0,73.58,4.22,14.57,100.0,A+,True,0.1,
LUPIN,ok,26150.0,11.5,6.3,15.2,4669.0,50.0,9.6,41.2,101.7,50.0,41.5,29.0,16.4,12.0,17.0,6217.0,14.1,19632.0,3000.0,1347.0,True,True,13.8,21.0,9.0,12.0,46.89,21.5,25.58,98.0,A+,False,0.32,
M&M,ok,186334.0,20.2,9.4,17.0,16904.0,62.1,17.5,20.1,126.47,54.0,21.6,19.0,17.8,4.0,22.0,126709.0,-1.8,82844.0,3176.0,-6633.0,False,False,,14.0,12.0,7.0,18.43,37.49,30.39,74.0,B,False,1.53,
MAHABANK,ok,28257.0,18.9,8.0,13.3,6474.0,62.5,,16.8,8.42,57.5,16.8,12.0,5.4,28.0,21.0,,,31393.0,7628.0,7112.0,False,False,-0.8,23.0,15.4,18.0,73.6,4.92,13.5,92.0,A+,,,
MAHLOG,ok,6777.0,15.7,12.6,11.0,-17.0,-17.4,,66.7,-2.48,-16.5,48.9,5.0,4.6,1.0,-50.0,676.0,-22.2,1145.0,343.0,167.0,True,True,47.4,6.0,6.0,-9.0,59.6,4.4,12.33,75.0,A,True,0.59,
MANAPPURAM,ok,9216.0,7.8,14.6,-7.9,385.0,-25.9,0.8,-68.0,4.82,-25.0,-66.5,8.0,25.4,-31.0,28.0,,,12712.0,-467.0,-662.0,False,False,,10.0,18.2,-18.0,31.77,23.21,13.04,36.0,D,,,
MANKIND,ok,13914.0,17.5,,14.0,1803.0,6.9,,-10.3,43.11,6.4,-10.7,24.0,24.4,-3.0,0.0,8369.0,-1.7,15286.0,2413.0,1895.0,True,True,,16.0,26.6,,72.66,11.34,13.26,91.0,A+,False,0.55,
MARICO,ok,13008.0,10.1,8.0,20.1,1750.0,7.9,9.2,5.5,13.22,7.8,5.2,17.0,19.0,-3.0,83.0,575.0,3.8,4052.0,1363.0,1202.0,True,True,3.1,45.0,43.2,2.0,58.93,24.02,12.23,89.0,A+,False,0.14,
MARUTI,ok,171774.0,19.5,11.5,12.3,14932.0,27.7,10.5,3.0,474.92,26.7,3.0,12.0,10.8,4.0,29.0,100.0,14.9,99744.0,16136.0,5533.0,True,True,23.8,22.0,15.4,13.0,58.28,15.76,22.84,100.0,A+,True,0.0,
MASTEK,ok,3666.0,16.3,21.4,6.1,379.0,8.5,39.1,0.8,122.37,8.1,0.7,15.0,17.4,-6.0,19.0,544.0,-6.7,2676.0,395.0,376.0,True,True,17.3,17.0,23.2,1.0,35.78,10.27,12.65,76.0,A,False,0.2,
MAXHEALTH,ok,8140.0,26.6,,15.8,1419.0,88.9,,31.9,14.59,67.7,31.8,26.0,26.2,10.0,14.0,3275.0,8.8,10052.0,1459.0,500.0,True,True,38.0,15.0,13.0,11.0,23.72,50.55,21.2,87.0,A+,False,0.33,
MAZDOCK,ok,12330.0,25.0,11.7,7.9,2407.0,36.2,15.0,-0.3,59.66,36.2,-0.3,16.0,13.4,10.0,29.0,2.0,-90.0,8911.0,2078.0,1599.0,True,True,21.1,43.0,32.8,19.0,81.22,1.8,5.37,100.0,A+,True,0.0,
MCX,ok,1704.0,34.2,21.9,53.1,937.0,33.0,23.3,67.3,36.75,33.0,67.3,67.0,41.6,20.0,27.0,1.0,0.0,2087.0,950.0,854.0,True,True,29.9,43.0,18.6,28.0,0.0,20.64,59.16,100.0,A+,True,0.0,
MEDANTA,ok,4182.0,23.6,,13.3,514.0,77.7,,6.9,19.13,26.9,6.8,22.0,23.2,8.0,0.0,945.0,31.6,3708.0,624.0,110.0,True,True,9.2,20.0,15.4,14.0,33.01,10.54,13.99,100.0,A+,False,0.25,
METROPOLIS,ok,1566.0,9.4,12.7,17.7,169.0,-1.6,7.5,15.8,8.12,-1.9,16.0,23.0,24.8,-6.0,0.0,201.0,-1.5,1432.0,263.0,196.0,True,True,1.8,15.0,22.6,-25.0,48.86,10.77,35.46,59.0,C,False,0.14,
MIDHANI,ok,1066.0,5.6,,-0.7,110.0,-7.9,,-0.9,5.86,-8.0,-1.0,20.0,23.8,-10.0,25.0,338.0,-3.4,1441.0,217.0,149.0,False,False,,11.0,15.0,-9.0,74.0,1.25,7.92,56.0,C,True,0.23,
MOIL,ok,976.0,9.1,,-5.6,74.0,-15.6,,-70.2,3.12,-9.5,-70.2,14.0,30.4,3.0,57.0,0.0,,2705.0,58.0,-142.0,True,False,,11.0,16.2,,64.68,4.83,6.81,64.0,B,False,0.0,
MOTHERSON,ok,121111.0,16.1,12.5,6.6,3639.0,18.3,7.4,-12.2,3.23,17.2,-10.3,9.0,8.4,1.0,16.0,19777.0,14.8,37132.0,6286.0,1853.0,True,True,-14.9,14.0,9.8,6.0,48.6,11.75,21.57,97.0,A+,True,0.53,
MPHASIS,ok,15347.0,9.6,9.7,7.8,1799.0,8.1,11.0,5.7,94.57,7.8,5.6,19.0,18.4,0.0,64.0,1979.0,77.3,9622.0,1905.0,1845.0,True,True,9.0,23.0,25.6,-3.0,30.59,19.79,45.26,79.0,A,False,0.21,
MUTHOOTFIN,ok,27542.0,19.0,18.8,36.3,8653.0,17.8,26.6,61.7,217.16,18.0,63.5,42.0,40.8,-3.0,20.0,,,32818.0,-26525.0,-26740.0,False,False,,20.0,21.4,-9.0,73.35,11.75,11.13,82.0,A,,,
NATCOPHARM,ok,4560.0,17.3,15.9,2.9,1556.0,28.6,25.9,-17.4,86.94,29.2,-17.4,41.0,36.8,11.0,6.0,261.0,-6.5,8650.0,1697.0,1300.0,True,True,42.0,33.0,19.6,19.0,49.48,15.16,5.39,100.0,A+,True,0.03,
NATIONALUM,ok,18098.0,15.1,10.3,7.8,6142.0,36.4,22.8,16.6,33.45,36.5,16.6,46.0,32.0,26.0,37.0,56.0,-69.2,19836.0,5806.0,4641.0,True,False,43.4,44.0,24.4,42.0,51.28,19.67,12.35,100.0,A+,True,0.0,
NAUKRI,ok,3165.0,22.9,15.5,11.1,1685.0,23.3,,28.6,20.79,16.0,40.0,34.0,27.2,27.0,40.0,276.0,3.4,48610.0,876.0,793.0,True,True,26.6,3.0,7.4,16.0,37.59,29.66,21.83,80.0,A,False,0.01,
NAVINFLUOR,ok,3077.0,21.1,16.3,31.0,546.0,16.2,20.6,88.9,107.91,15.7,85.4,31.0,24.6,5.0,12.0,1177.0,-19.7,3601.0,571.0,4.0,False,False,-49.4,12.0,16.8,-9.0,27.11,23.74,28.09,86.0,A+,True,0.33,
NCC,ok,20721.0,21.1,8.1,-6.7,772.0,22.2,25.1,-11.1,11.51,21.2,-11.9,9.0,8.8,-3.0,17.0,2923.0,83.4,7534.0,742.0,477.0,True,True,-11.5,22.0,17.2,9.0,22.25,11.49,15.3,85.0,A+,False,0.39,
NESTLEIND,ok,21911.0,12,,8.5,3262.0,14,,1.7,16.91,14,1.7,22.0,22.0,1.0,81.0,477.0,-59.1,4435.0,2936.0,932.0,True,True,,96.0,85.0,5.0,62.76,9.81,12.1,73.0,B,False,0.11,
NHPC,ok,11147.0,2.9,2.9,7.4,3591.0,0.1,4.3,5.2,3.15,-0.6,5.4,46.0,50.4,-8.0,64.0,44923.0,13.6,41240.0,5026.0,-3823.0,True,False,-46.9,7.0,7.6,-1.0,67.4,10.39,10.31,56.0,C,False,1.09,
NIACL,ok,48902.0,8.1,12.4,12.8,1193.0,-6.2,2.2,14.9,7.25,-6.1,15.3,2.0,2.0,-4.0,29.0,0.0,,28813.0,-3390.0,-3496.0,False,False,,4.0,3.4,-3.0,85.44,1.01,11.17,41.0,D,False,0.0,
NMDC,ok,27732.0,12.5,15.7,16.0,6900.0,1.9,10.5,5.8,7.85,1.9,5.7,31.0,36.4,-26.0,44.0,3640.0,-14.9,32457.0,1894.0,-1336.0,True,False,33.3,30.0,34.0,7.0,60.79,13.48,14.06,78.0,A,False,0.11,
NTPC,ok,187531.0,11.0,9.8,-0.3,24828.0,10.6,8.7,3.7,24.94,10.6,3.2,29.0,28.8,-2.0,35.0,254876.0,1.9,192035.0,50436.0,9431.0,True,True,10.1,10.0,9.6,0.0,51.1,16.24,29.19,74.0,B,False,1.33,
NYKAA,ok,9436.0,31.1,,18.7,144.0,18.4,,100.0,0.49,-40.9,113.0,7.0,5.4,1.0,0.0,1407.0,6.5,1388.0,467.0,339.0,False,False,,10.0,8.6,5.0,52.1,12.15,25.36,75.0,A,False,1.01,
OBEROIRLTY,ok,5409.0,21.4,14.3,2.3,2237.0,24.8,17.8,0.5,61.53,24.8,0.5,56.0,52.6,7.0,13.0,3027.0,-8.3,16740.0,2163.0,1472.0,False,False,,18.0,14.0,7.0,67.71,16.58,13.46,95.0,A+,False,0.18,
ONGC,ok,659254.0,16.8,18.2,7.7,44972.0,16.1,13.1,17.3,30.14,18.4,4.7,15.0,15.0,-1.0,43.0,176018.0,-6.3,367779.0,90868.0,50154.0,True,True,11.8,12.0,13.8,2.0,58.89,7.43,19.69,94.0,A+,True,0.48,
PAGEIND,ok,4569,10,,-3.1,569,10,,-0.4,510.31,10,-0.4,16.9,17.1,0.5,,0,,,,,True,True,,55.0,52.0,-3.0,42.89,20.71,30.78,78,A,True,0.0,
PARAS,ok,413.0,23.6,,13.2,71.0,34.7,,16.4,9.11,28.2,15.8,26.0,25.8,-5.0,6.0,56.0,133.3,671.0,45.0,10.0,False,False,,16.0,12.6,4.0,53.2,4.92,1.28,92.0,A+,True,0.08,
PAYTM,ok,8084.0,23.6,,17.2,-176.0,,,,-2.68,,,3.0,-19.4,69.0,0.0,160.0,0.0,15340.0,-121.0,-438.0,False,False,,-10.0,-14.6,24.0,0.0,51.75,20.32,64.0,B,True,0.01,
PERSISTENT,ok,13935.0,27.2,19.7,16.7,1732.0,30.9,20.1,23.7,110.77,30.3,22.3,19.0,17.6,3.0,39.0,404.0,29.9,7147.0,1157.0,964.0,True,True,28.3,30.0,27.4,12.0,30.29,22.79,29.8,100.0,A+,True,0.06,
PFC,ok,115789.0,10.1,15.3,8.1,33386.0,16.3,18.4,9.4,76.42,16.5,9.7,36.0,34.8,8.0,23.0,,,126986.0,-92269.0,-93110.0,False,False,,21.0,20.8,6.0,55.99,18.33,15.48,82.0,A,,,
PGEL,ok,5481.0,50.8,,12.5,277.0,87.4,,-3.8,9.76,75.3,-4.0,9.0,9.0,2.0,2.0,590.0,53.6,2902.0,-77.0,-564.0,False,False,,19.0,13.8,18.0,43.41,9.75,24.49,83.0,A,False,0.2,
PGHH,ok,4206,7,,7.3,675,12,,-0.4,207.95,12,-0.4,22.7,21.9,0.0,,0,,,,,True,True,,83.8,72.0,5.0,70.64,1.06,16.03,82,A,True,0.0,
PHOENIXLTD,ok,4206.0,32.2,9.0,10.5,1419.0,96.9,32.7,8.6,30.46,78.5,10.6,58.0,55.6,10.0,9.0,4910.0,4.8,10791.0,2084.0,-532.0,True,False,1.4,11.0,8.4,2.0,47.25,33.85,15.26,92.0,A+,False,0.46,
PIDILITIND,ok,14159.0,14.2,10.2,7.8,2314.0,15.5,11.1,10.4,22.52,15.1,10.3,23.0,20.8,0.0,49.0,443.0,-2.4,9554.0,2287.0,1839.0,True,True,17.1,30.0,27.4,-3.0,69.32,12.01,9.21,100.0,A+,False,0.05,
PIIND,ok,6936.0,8.7,12.7,-13.1,1451.0,14.5,16.6,-12.6,95.64,14.5,-12.6,26.0,25.2,4.0,15.0,242.0,31.5,10827.0,1413.0,575.0,True,True,81.7,23.0,21.6,0.0,46.09,15.97,30.94,95.0,A+,False,0.02,
PNB,ok,130497.0,9.8,9.9,5.2,17875.0,46.0,,-3.7,15.47,44.6,-3.8,5.0,-0.4,14.0,18.0,,,142247.0,22075.0,20490.0,False,False,8.6,15.0,6.8,14.0,70.08,5.93,16.09,83.0,A,,,
PNCINFRA,ok,5455.0,-1.2,6.8,-19.4,799.0,10.0,14.4,-2.0,31.16,10.0,-2.0,22.0,23.4,-3.0,2.0,5069.0,-45.9,6623.0,-56.0,-86.0,False,False,,14.0,15.4,-7.0,56.07,6.95,26.22,60.0,B,True,0.77,
POLICYBZR,ok,6241.0,47.7,55.0,25.4,580.0,,,64.3,12.59,,63.7,6.0,-17.2,24.0,0.0,329.0,2.2,6769.0,-183.0,-280.0,False,False,,6.0,-6.0,42.0,0.0,40.77,29.54,67.0,B,False,0.05,
POLYMED,ok,1782.0,17.8,15.8,6.8,348.0,20.7,21.9,2.7,34.31,19.3,2.7,25.0,25.0,-3.0,10.0,240.0,33.3,2919.0,240.0,-89.0,True,False,24.6,20.0,20.2,-5.0,62.42,9.41,13.84,90.0,A+,False,0.08,
POWERGRID,ok,47343.0,3.6,8.6,3.4,15524.0,5.2,10.0,0.0,16.68,5.2,-0.1,82.0,85.2,-6.0,54.0,135984.0,3.8,98932.0,36223.0,12112.0,True,True,-9.0,13.0,12.4,2.0,51.34,24.73,20.19,69.0,B,False,1.37,
PRESTIGE,ok,10140.0,7.0,6.2,38.0,1057.0,-18.2,4.9,71.3,22.53,-20.2,107.6,31.0,29.2,4.0,17.0,14510.0,10.1,15828.0,131.0,-1367.0,True,False,,8.0,9.6,-5.0,60.95,15.72,20.96,63.0,B,False,0.92,
PVRINOX,ok,6422.0,87.1,13.3,11.1,21.0,-26.7,,-22.2,2.28,-35.0,-53.9,30.0,24.6,150.0,0.0,7466.0,-4.0,7105.0,1967.0,1642.0,True,True,33.0,3.0,-0.2,-17.0,27.53,21.16,34.51,67.0,B,True,1.05,
RADICO,ok,5851.0,19.8,13.5,20.8,517.0,13.3,20.8,49.4,38.62,13.2,49.5,16.0,13.4,-1.0,15.0,624.0,-16.8,2978.0,363.0,189.0,True,False,-4.0,16.0,15.0,-2.0,40.21,19.82,24.03,86.0,A+,True,0.21,
RAINBOW,ok,1613.0,19.9,21.3,6.4,260.0,45.4,31.4,6.6,25.37,22.8,5.8,32.0,32.8,7.0,13.0,816.0,6.8,1518.0,396.0,250.0,True,False,42.9,19.0,19.2,3.0,49.84,19.24,19.49,94.0,A+,False,0.54,
RALLIS,ok,2604.0,9.4,7.7,7.2,164.0,-11.2,5.0,-28.4,8.44,-11.2,-28.2,11.0,12.6,-5.0,36.0,93.0,22.4,1696.0,166.0,-15.0,True,False,18.7,13.0,17.0,-9.0,55.08,12.08,11.3,65.0,B,True,0.05,
RAMCOCEM,ok,8816.0,10.8,9.4,3.5,574.0,-6.0,0.5,112.6,24.35,-6.0,111.0,16.0,16.8,-13.0,17.0,4699.0,0.5,7561.0,1399.0,458.0,True,False,-1.4,5.0,8.6,-7.0,42.55,7.98,28.15,48.0,C,True,0.62,
RATEGAIN,ok,1369.0,40.4,,27.1,179.0,74.7,,-14.4,15.17,-38.2,-14.3,18.0,16.8,15.0,0.0,15.0,-6.2,1817.0,120.0,114.0,True,True,52.1,17.0,8.2,21.0,48.54,4.97,20.62,100.0,A+,True,0.01,
RAYMOND,ok,2167.0,-8.9,-8.3,11.3,5487.0,93.6,46.6,-28.1,821.76,93.5,-28.3,9.0,8.8,11.0,0.0,1032.0,39.5,3251.0,233.0,91.0,True,True,-14.4,2.0,6.4,-7.0,48.87,9.74,3.61,72.0,B,True,0.32,
RBLBANK,ok,14092.0,10.2,,0.4,722.0,7.6,,0.7,11.78,3.7,-0.2,-22.0,-18.6,-11.0,8.0,,,16120.0,-824.0,-1105.0,False,False,,5.0,5.0,-1.0,0.0,21.91,39.69,56.0,C,,,
RECLTD,ok,60260.0,11.1,9.6,6.9,17243.0,15.5,11.7,8.6,65.49,15.5,8.6,36.0,35.4,6.0,30.0,,,83481.0,-39064.0,-39147.0,False,False,,22.0,21.2,8.0,52.63,16.46,16.21,82.0,A,,,
RELIANCE,ok,1024548.0,17.1,14.2,6.4,97776.0,12.7,12.6,20.3,61.49,9.7,19.5,17.0,16.8,0.0,11.0,374593.0,0.1,877280.0,178703.0,41079.0,True,False,,10.0,9.0,-1.0,50.0,19.09,20.1,74.0,B,False,0.43,
ROSSARI,ok,2291.0,26.4,,10.1,138.0,11.5,,1.5,24.87,10.0,1.0,12.0,12.8,-5.0,2.0,353.0,61.9,1251.0,137.0,-21.0,True,False,,16.0,21.0,-22.0,68.15,2.32,18.25,86.0,A+,False,0.28,
SAIL,ok,109313.0,9.6,10.9,6.7,2788.0,-7.6,,17.5,6.75,-7.6,17.6,10.0,12.0,-8.0,28.0,33663.0,-8.9,58278.0,9914.0,4537.0,False,False,,7.0,11.2,-1.0,65.0,4.54,17.84,51.0,C,True,0.58,
SANSERA,ok,3281.0,16.2,,8.8,263.0,19.0,,21.2,42.21,12.9,21.5,17.0,16.8,-1.0,9.0,439.0,7.9,2877.0,377.0,-219.0,True,False,,13.0,14.0,3.0,30.17,19.36,36.3,81.0,A,True,0.15,
SAREGAMA,ok,938.0,16.2,15.5,-19.9,191.0,11.1,39.2,-6.4,9.95,9.0,-6.0,32.0,30.4,3.0,42.0,3.0,0.0,1661.0,331.0,170.0,True,False,46.7,17.0,22.2,2.0,60.39,14.18,5.04,93.0,A+,True,0.0,
SBILIFE,ok,,,,,,,,,,,,,,,,,,,,,,,,,,,55.34,21.88,18.72,55.0,C,,,
SBIN,ok,511356.0,13.0,8.8,4.2,86537.0,29.4,19.3,7.5,91.71,29.6,5.5,-17.0,-15.6,8.0,18.0,,,569312.0,48486.0,42849.0,False,False,10.0,17.0,14.4,10.0,55.5,10.34,27.04,82.0,A,,,
SCHAEFFLER,ok,9686.0,15,,17.7,1150.0,22,,22.5,73.6,22,22.5,18.0,15.0,2.0,48.0,55.0,-1.8,6048.0,1290.0,827.0,True,True,,27.0,22.0,3.0,74.13,4.45,16.11,86.0,A+,False,0.01,
SHRIRAMFIN,ok,47074.0,22.0,16.3,7.1,9147.0,29.6,22.7,-4.5,48.63,22.4,-4.3,27.0,26.8,7.0,19.0,,,60603.0,-43652.0,-43903.0,False,False,,16.0,14.4,1.0,25.38,47.21,21.29,87.0,A+,,,
SIEMENS,ok,17337.0,5.6,4.8,-0.2,1769.0,10.2,-4.9,-16.0,49.63,10.2,-16.0,12.0,12.6,1.0,0.0,145.0,-48.0,13227.0,375.0,2.0,True,True,-69.1,16.0,18.2,5.0,75.0,6.85,8.35,97.0,A+,True,0.01,
SJVN,ok,3536.0,7.3,3.6,15.1,632.0,-17.4,-7.7,-22.7,1.61,-17.4,-23.0,73.0,73.4,-2.0,70.0,29567.0,9.4,14587.0,2483.0,-4186.0,True,False,-14.9,5.0,8.6,-10.0,81.85,2.69,3.99,56.0,C,False,2.03,
SOBHA,ok,4443.0,16.1,8.6,10.0,142.0,18.0,0.3,49.5,13.31,18.0,50.2,6.0,10.8,-26.0,34.0,1062.0,-10.2,4611.0,200.0,70.0,True,True,-7.3,6.0,8.6,-15.0,52.88,6.26,25.78,82.0,A,True,0.23,
SOLARA,ok,1255.0,-4.9,,-2.3,-19.0,,,-99.5,-5.28,,-99.7,14.0,7.6,-10.0,0.0,646.0,-18.8,1254.0,213.0,173.0,True,True,,6.0,2.8,-6.0,42.0,11.98,3.64,53.0,C,True,0.52,
SONACOMS,ok,4057.0,21.0,,14.4,606.0,23.0,,1.0,9.86,21.3,2.0,25.0,26.4,-3.0,33.0,211.0,4.5,5713.0,775.0,360.0,True,True,94.3,18.0,21.4,-1.0,28.02,23.89,40.74,100.0,A+,True,0.04,
SPANDANA,ok,1179.0,-4.5,,-49.9,-1139.0,9.9,,4075.0,-128.37,6.1,3960.4,-129.0,-32.6,-141.0,0.0,,,2227.0,3669.0,3647.0,False,False,,-33.0,-2.2,-49.0,48.16,20.35,5.78,38.0,D,,,
SUDARSCHEM,ok,8347.0,35.0,19.5,149.5,-41.0,-16.2,1.1,-83.2,-7.69,-19.4,-86.2,6.0,10.4,-10.0,63.0,2528.0,6.3,3520.0,37.0,-56.0,True,False,42.2,6.0,10.6,-12.0,8.2,8.21,24.6,40.0,D,False,0.72,
SUNDARMFIN,ok,9508.0,12.4,6.6,11.7,2058.0,11.0,12.0,9.5,185.21,12.0,9.5,31.0,31.0,5.0,21.0,,,15129.0,-8985.0,-8999.0,False,False,,15.0,14.6,3.0,37.21,19.13,7.43,72.0,B,,,
SUNDRMFAST,ok,6126.0,10.9,6.5,2.9,556.0,8.9,16.1,2.6,26.37,9.1,2.8,16.0,15.8,-2.0,28.0,741.0,-10.0,4051.0,423.0,29.0,True,True,-40.7,17.0,18.4,1.0,46.94,10.02,23.83,84.0,A,False,0.18,
SUNPHARMA,ok,56809.0,11.1,7.1,8.0,10953.0,37.0,6.8,-0.1,45.5,30.3,-0.1,31.0,28.2,6.0,35.0,5215.0,120.8,77820.0,14072.0,12005.0,True,True,18.7,20.0,16.6,10.0,54.48,16.12,20.72,98.0,A+,False,0.07,
SUNTV,ok,4394.0,6.7,5.9,9.4,1579.0,0.7,5.5,-7.3,40.05,0.7,-7.3,50.0,58.4,-15.0,35.0,146.0,17.7,12347.0,1663.0,1280.0,True,True,5.1,20.0,25.4,-10.0,75.0,6.64,10.91,77.0,A,False,0.01,
SUPRAJIT,ok,3660.0,17.4,14.6,11.7,139.0,-0.6,5.7,40.4,10.12,-0.2,39.8,10.0,11.2,-4.0,41.0,927.0,13.5,1364.0,185.0,74.0,True,True,-14.9,11.0,14.4,-4.0,45.14,6.79,17.1,70.0,B,False,0.68,
SUVEN,ok,7.0,-11.6,-34.7,0.0,-275.0,,,42.5,-12.25,,41.8,-3928.0,-1894.0,-3335.0,0.0,0.0,-50.0,282.0,-154.0,-191.0,False,False,,-87.0,-70.4,-33.0,70.15,0.82,4.62,45.0,C,True,0.0,
SYRMA,ok,4278.0,37.0,,13.0,298.0,34.0,,62.0,15.12,-56.0,58.7,11.0,9.0,0.0,16.0,332.0,-50.1,2809.0,176.0,4.0,False,False,,12.0,13.6,,42.72,6.47,15.89,82.0,A,True,0.12,
TAJGVK,ok,475.0,38.3,5.8,5.6,125.0,34.9,10.5,6.8,19.98,34.9,6.9,30.0,29.4,32.0,11.0,83.0,88.6,691.0,116.0,75.0,True,True,0.8,20.0,12.8,10.0,71.0,0.92,4.03,100.0,A+,True,0.12,
TATACHEM,ok,14655.0,7.5,-0.1,-1.6,352.0,-4.2,-10.0,-9.0,7.06,-6.8,-23.4,13.0,17.0,-2.0,119.0,7495.0,6.0,22358.0,1761.0,-191.0,True,False,18.9,4.0,7.2,-32.0,37.98,12.26,22.4,38.0,D,False,0.34,
TATACONSUM,ok,19465.0,10.9,11.4,10.5,1472.0,9.6,18.4,14.4,14.85,10.7,14.9,13.0,13.8,0.0,64.0,2576.0,7.6,20314.0,2057.0,1643.0,True,True,12.0,9.0,9.2,0.0,33.84,21.18,23.46,76.0,A,True,0.13,
TATAELXSI,ok,849.0,17.0,,9.5,102.0,15.8,,41.7,16.38,15.9,41.2,21.0,15.2,3.0,34.0,0.0,73.5,283.0,143.0,110.0,True,True,85.6,60.0,34.4,32.0,43.9,8.56,12.28,100.0,A+,True,0.0,
TATAPOWER,ok,64624.0,14.6,8.2,-1.3,5008.0,28.3,20.3,4.9,11.88,27.5,-4.4,20.0,17.2,-1.0,20.0,70083.0,11.5,37690.0,12680.0,-4357.0,True,False,4.3,11.0,10.2,3.0,46.86,10.0,17.2,82.0,A,False,1.86,
TATASTEEL,ok,225088.0,7.5,8.2,3.0,9122.0,50.7,,187.4,7.33,39.7,167.5,14.0,15.0,-5.0,131.0,95643.0,0.9,94947.0,23512.0,9105.0,True,True,-2.2,9.0,14.4,3.0,33.19,17.49,26.98,76.0,A,False,1.01,
TCS,ok,260802.0,9.7,9.2,2.1,47963.0,8.1,7.0,-1.7,131.88,8.5,-1.7,27.0,26.8,-1.0,94.0,10932.0,16.4,106415.0,48908.0,44994.0,True,True,9.0,65.0,58.2,18.0,71.77,10.37,12.81,92.0,A+,False,0.1,
TECHM,ok,55123.0,7.8,7.6,4.0,4591.0,1.1,4.3,7.9,47.21,0.6,8.7,15.0,14.0,-3.0,94.0,1954.0,-3.5,27504.0,5786.0,5303.0,True,True,8.5,19.0,20.4,-3.0,34.97,17.94,37.79,83.0,A,True,0.07,
TECHNOE,ok,3057.0,21.76,,37.12,494.0,18.8,,24.23,43.5,18.8,24.0,14.46,15.0,0.0,,,,3890.0,,,True,True,,14.0,12.1,0.5,56.9,8.0,10.0,,,True,5.0,
TIINDIA,ok,21783.0,29.1,,11.9,1042.0,27.9,,-1.1,30.9,15.8,-11.3,9.0,11.2,-2.0,10.0,705.0,0.3,7518.0,1213.0,7.0,True,True,-54.9,22.0,24.2,1.0,44.06,23.15,19.68,100.0,A+,True,0.09,
TITAN,ok,75580.0,28.4,21.0,25.0,4766.0,37.4,21.6,42.8,53.69,37.4,42.8,11.0,10.8,3.0,29.0,12465.0,-40.0,12803.0,-541.0,-1011.0,False,False,25.9,19.0,20.2,-5.0,52.9,15.55,14.83,95.0,A+,True,0.97,
TORNTPHARM,ok,12742.0,9.7,6.7,10.6,2272.0,12.7,2.7,18.9,67.12,12.7,18.9,33.0,31.0,2.0,57.0,2822.0,-11.9,8449.0,2585.0,1991.0,True,True,15.0,27.0,21.2,12.0,68.31,16.13,9.05,100.0,A+,True,0.33,
TORNTPOWER,ok,29017.0,19.0,9.5,-0.5,3215.0,19.9,13.6,5.1,62.67,18.5,5.7,19.0,19.6,-10.0,32.0,10431.0,18.0,18811.0,4805.0,608.0,True,True,-23.1,16.0,15.0,3.0,51.09,8.32,22.74,92.0,A+,True,0.55,
TRENT,ok,19263.0,49.3,27.6,12.4,1620.0,72.5,28.8,5.6,46.06,67.8,5.9,18.0,15.4,14.0,11.0,2349.0,5.0,6102.0,1661.0,799.0,True,True,88.0,31.0,15.0,14.0,37.01,15.62,21.37,100.0,A+,False,0.38,
TRIDENT,ok,6933.0,8.9,6.6,-0.8,409.0,6.1,5.4,10.2,0.8,5.9,9.6,13.0,15.4,-5.0,50.0,1605.0,-1.8,4619.0,945.0,718.0,True,False,5.4,9.0,12.8,-1.0,73.68,3.16,0.19,76.0,A,True,0.35,
TVSMOTOR,ok,52559.0,22.0,16.5,19.2,3064.0,38.2,21.7,28.7,60.93,37.3,29.5,15.0,13.6,4.0,21.0,31589.0,10.4,8116.0,3503.0,1044.0,False,False,,15.0,13.0,2.0,50.27,23.09,18.28,87.0,A+,False,3.89,
UBL,ok,9313.0,17.0,6.8,4.5,409.0,29.1,3.2,-7.5,15.46,29.3,-7.5,9.0,9.4,0.0,60.0,777.0,25.3,4343.0,235.0,-23.0,False,False,18.7,14.0,11.2,-3.0,70.84,5.5,17.45,80.0,A,False,0.18,
UJJIVANSFB,ok,4179,20,,9.1,693,25,,-4.5,3.57,,-4.8,,,,0.0,3736,31.3,6719,1843,1661,True,True,,11.0,13.6,-2.0,0.0,15.45,28.67,50.0,C,False,0.56,
ULTRACEMCO,ok,85775.0,13.9,13.1,12.9,7663.0,7.0,11.9,26.9,260.11,6.6,26.9,19.0,18.6,-7.0,38.0,25215.0,4.6,72033.0,10673.0,1723.0,True,True,-25.1,11.0,13.6,-1.0,59.28,14.44,17.45,76.0,A,False,0.35,
UPL,ok,49077.0,4.9,13.3,5.2,2005.0,-1.6,5.4,144.5,20.83,0.2,96.1,18.0,16.6,-4.0,53.0,30022.0,19.6,31894.0,10151.0,8896.0,True,True,5.5,8.0,10.4,-2.0,33.5,40.32,16.12,53.0,C,False,0.94,
UTKARSHBNK,ok,,,,,,,,,,,,,,,,,,,,,,,,,,,42.67,11.8,9.74,50.0,C,,,
VBL,ok,21685.0,27.4,20.4,8.4,3062.0,53.7,39.1,16.2,8.98,54.8,17.1,23.0,22.2,4.0,17.0,2508.0,-11.3,19578.0,3509.0,797.0,True,False,33.1,20.0,23.6,9.0,59.44,20.31,13.56,100.0,A+,True,0.13,
VEDL,ok,120395.0,6.5,6.5,-21.3,20704.0,6.6,,0.8,36.25,3.0,-5.4,28.0,27.6,-3.0,113.0,85065.0,-7.0,40144.0,39562.0,22848.0,True,True,14.5,25.0,22.2,15.0,56.38,12.15,15.31,91.0,A+,True,2.12,
VOLTAS,ok,14124.0,13.3,9.5,-8.4,492.0,-1.4,2.3,-41.0,15.13,-1.0,-40.5,4.0,5.0,-4.0,28.0,1755.0,96.7,6369.0,-224.0,-415.0,False,False,3.2,18.0,13.0,0.0,30.3,18.41,37.74,57.0,C,False,0.28,
VSTIND,ok,471.0,8,,23.9,62.0,6,,0.0,3.65,6,0.3,15.0,20.0,-2.0,75.0,0.0,,250.0,52.0,25.0,True,False,,34.0,30.0,2.0,32.16,1.34,6.63,70.0,B,False,0.0,
WELCORP,ok,16383.0,18.0,8.5,17.2,1948.0,18.7,24.7,2.4,73.77,20.2,1.4,13.0,9.2,2.0,7.0,1545.0,37.7,8195.0,1504.0,690.0,False,False,-5.9,21.0,16.0,-9.0,49.73,11.45,20.55,89.0,A+,True,0.19,
WELSPUNLIV,ok,9610.0,5.5,5.0,-8.9,240.0,-15.3,-10.8,-62.7,2.42,-14.7,-63.7,9.0,11.8,-9.0,3.0,2685.0,-2.8,4827.0,688.0,-7.0,True,False,29.9,14.0,13.0,1.0,66.24,5.03,10.43,54.0,C,False,0.56,
WHIRLPOOL,ok,7858.0,5.9,,-0.8,334.0,-1.0,,-8.0,26.24,-1.1,-7.3,7.0,6.6,-2.0,18.0,63.0,-77.8,4079.0,571.0,452.0,True,True,15.9,13.0,11.6,-16.0,39.76,11.89,35.55,68.0,B,True,0.02,
WIPRO,ok,90892.0,8.0,5.9,2.0,13332.0,4.2,4.1,0.9,12.66,5.1,1.0,19.0,19.6,-5.0,48.0,16164.0,-15.8,85586.0,16943.0,15651.0,True,True,14.8,20.0,19.6,0.0,72.64,8.22,8.38,91.0,A+,True,0.19,
YATHARTH,ok,1089.0,38.3,,26.6,165.0,52.5,,26.0,17.37,9.4,28.2,24.0,27.4,-8.0,0.0,26.0,116.7,1688.0,150.0,-161.0,False,False,,14.0,21.8,7.0,55.8,6.18,11.02,80.0,A,True,0.02,
ZEEL,ok,8258.0,1.3,3.6,-0.4,563.0,-6.6,-3.7,-17.2,5.88,-6.7,-16.8,12.0,14.8,-9.0,34.0,286.0,-10.9,11584.0,1186.0,1098.0,True,False,29.6,9.0,10.6,-5.0,3.99,24.21,11.98,30.0,D,False,0.02,
ZENSARTECH,ok,5596.0,8.2,6.6,6.0,740.0,19.2,9.7,13.8,32.58,19.6,13.9,16.0,15.0,-2.0,45.0,117.0,-6.4,4280.0,565.0,530.0,True,True,-2.7,21.0,20.6,4.0,49.01,11.8,23.12,95.0,A+,True,0.03,
ZYDUSWELL,ok,3389.0,12.7,23.9,25.1,207.0,11.7,7.0,-40.3,6.51,11.8,-40.3,13.0,14.4,-5.0,11.0,3042.0,1518.1,5706.0,380.0,315.0,True,True,6.0,6.0,5.8,0.0,69.64,3.27,18.58,81.0,A,False,0.53,
